description,category
uber accra payment,transport
paid for doctor consultation,healthcare
monthly palace shopping,shopping
knust tuition - 35 GHS,education
shell petrol,transport
netflix,entertainment
monthly palace shopping,shopping
clothing payment,shopping
monthly dstv subscription,entertainment
kenkey - 197 GHS,food
monthly ecg bill,bills
monthly makola market,shopping
hotel booking - 28 GHS,travel
paid for netflix,entertainment
monthly movie night,entertainment
game stores payment,shopping
concert ticket - 136 GHS,entertainment
stationery - 77 GHS,education
kotoka airport payment,travel
paid for spotify premium,entertainment
ridge hospital payment,healthcare
monthly textbook purchase,education
textbook purchase payment,education
kenkey - 344 GHS,food
paid for concert ticket,entertainment
spotify premium payment,entertainment
monthly kfc accra,food
paid for shs bus,transport
paid for pharmacy,healthcare
monthly ucc payment,education
local restaurant,food
vodafone airtime,bills
dstv subscription - 354 GHS,entertainment
library fine,education
makola market - 409 GHS,shopping
paid for vodafone airtime,bills
monthly vip transport,transport
west hills mall,shopping
mtn mobile money,bills
vodafone airtime - 329 GHS,bills
rent payment,bills
paid for rent payment,bills
waakye,food
vip transport payment,transport
vacation expenses payment,travel
game stores payment,shopping
paid for hotel booking,travel
paid for trotro fare,transport
monthly movie night,entertainment
paid for gotv payment,entertainment
monthly dstv subscription,entertainment
knust tuition payment,education
nhis payment - 151 GHS,healthcare
monthly palace shopping,shopping
local restaurant - 361 GHS,food
concert ticket - 247 GHS,entertainment
knust tuition - 28 GHS,education
bolt ride,transport
gotv payment - 94 GHS,entertainment
ridge hospital,healthcare
dstv subscription - 151 GHS,entertainment
pharmacy payment,healthcare
paid for silverbird cinema,entertainment
transport fare payment,travel
tamale travel payment,travel
monthly rent payment,bills
paid for shs bus,transport
melcom,shopping
monthly clothing,shopping
gwcl water payment,bills
monthly kotoka airport,travel
paid for concert ticket,entertainment
mtn mobile money,bills
gotv payment - 67 GHS,entertainment
library fine - 298 GHS,education
monthly uber accra,transport
shoprite - 194 GHS,shopping
kenkey payment,food
hotel booking - 259 GHS,travel
accra mall - 92 GHS,shopping
library fine payment,education
dstv subscription payment,entertainment
jollof payment,food
goil fuel payment,transport
paid for concert ticket,entertainment
ridge hospital,healthcare
paid for transport fare,travel
monthly hotel booking,travel
paid for gotv payment,entertainment
shoprite food,food
taxi fare,transport
shoprite,shopping
monthly airteltigo data,bills
vip transport,transport
monthly gotv payment,entertainment
nhis payment payment,healthcare
local restaurant,food
paid for pharmacy,healthcare
monthly chop bar,food
gwcl water payment,bills
paid for chop bar,food
vacation expenses payment,travel
monthly shoprite food,food
monthly shs bus,transport
monthly silverbird cinema,entertainment
insurance premium - 117 GHS,bills
monthly local restaurant,food
bolt ride - 194 GHS,transport
monthly ucc payment,education
monthly doctor consultation,healthcare
hotel booking payment,travel
legon fees,education
monthly concert ticket,entertainment
goil fuel,transport
monthly total fuel,transport
rent payment - 119 GHS,bills
paid for total fuel,transport
melcom payment,shopping
kotoka airport,travel
paid for movie night,entertainment
shell petrol,transport
paid for makola market,shopping
paid for cape coast trip,travel
clothing payment,shopping
paid for uber accra,transport
vodafone airtime - 343 GHS,bills
gwcl water,bills
monthly gwcl water,bills
paid for dstv subscription,entertainment
monthly kotoka airport,travel
kotoka airport - 468 GHS,travel
total fuel payment,transport
melcom snacks - 461 GHS,food
doctor consultation - 348 GHS,healthcare
insurance premium payment,bills
rent payment,bills
monthly textbook purchase,education
school fees,education
library fine - 282 GHS,education
kaneshie market payment,shopping
west hills mall payment,shopping
monthly vip transport,transport
paid for ecg bill,bills
flight to kumasi,travel
ucc payment,education
pharmacy - 223 GHS,healthcare
mtn mobile money - 467 GHS,bills
taxi fare - 480 GHS,transport
monthly nhis payment,healthcare
monthly nhis payment,healthcare
banku payment,food
nhis payment payment,healthcare
kenkey payment,food
paid for flight to kumasi,travel
monthly netflix,entertainment
medical checkup payment,healthcare
total fuel - 18 GHS,transport
monthly west hills mall,shopping
medical checkup,healthcare
stationery - 279 GHS,education
kotoka airport - 338 GHS,travel
monthly rent payment,bills
melcom,shopping
clothing,shopping
shell petrol - 427 GHS,transport
ucc payment - 476 GHS,education
chop bar payment,food
spotify premium,entertainment
paid for accra mall,shopping
uber accra,transport
gotv payment payment,entertainment
textbook purchase payment,education
paid for makola market,shopping
paid for shoprite food,food
korle bu hospital payment,healthcare
west hills mall - 173 GHS,shopping
netflix,entertainment
library fine,education
dstv subscription payment,entertainment
paid for shoprite food,food
paid for doctor consultation,healthcare
airteltigo data,bills
paid for shoprite food,food
ecg bill - 326 GHS,bills
kfc accra - 60 GHS,food
paid for metro mass,transport
clothing payment,shopping
shoprite food payment,food
makola market payment,shopping
paid for chop bar,food
shell petrol payment,transport
airteltigo data - 273 GHS,bills
pharmacy - 227 GHS,healthcare
tamale travel payment,travel
taxi fare payment,transport
paid for cape coast trip,travel
monthly mtn mobile money,bills
gotv payment payment,entertainment
monthly medical checkup,healthcare
paid for transport fare,travel
paid for library fine,education
tamale travel,travel
game stores - 60 GHS,shopping
makola market payment,shopping
monthly school fees,education
vip transport - 259 GHS,transport
monthly spotify premium,entertainment
monthly shs bus,transport
metro mass payment,transport
monthly vacation expenses,travel
monthly movie night,entertainment
monthly rent payment,bills
monthly game stores,shopping
paid for metro mass,transport
medical checkup payment,healthcare
kaneshie market payment,shopping
paid for rent payment,bills
gwcl water,bills
monthly vodafone airtime,bills
kotoka airport,travel
paid for tamale travel,travel
legon fees,education
paid for ridge hospital,healthcare
paid for shell petrol,transport
trotro fare payment,transport
ucc payment,education
rent payment,bills
jollof,food
monthly textbook purchase,education
ridge hospital - 303 GHS,healthcare
paid for melcom snacks,food
airteltigo data - 24 GHS,bills
kfc accra - 111 GHS,food
monthly airteltigo data,bills
total fuel payment,transport
paid for jollof,food
melcom snacks,food
medical checkup - 144 GHS,healthcare
monthly goil fuel,transport
nhis payment payment,healthcare
clothing,shopping
paid for tamale travel,travel
textbook purchase payment,education
library fine - 159 GHS,education
legon fees,education
west hills mall payment,shopping
monthly shoprite,shopping
monthly shell petrol,transport
monthly netflix,entertainment
movie night - 168 GHS,entertainment
clothing,shopping
spotify premium,entertainment
monthly flight to kumasi,travel
monthly shell petrol,transport
monthly papaye,food
paid for silverbird cinema,entertainment
uber accra payment,transport
stationery - 191 GHS,education
monthly clinic visit,healthcare
paid for cape coast trip,travel
transport fare - 364 GHS,travel
hotel booking payment,travel
shs bus payment,transport
papaye payment,food
netflix,entertainment
monthly kotoka airport,travel
paid for chop bar,food
taxi fare payment,transport
movie night,entertainment
paid for cape coast trip,travel
paid for bolt ride,transport
paid for spotify premium,entertainment
monthly goil fuel,transport
korle bu hospital payment,healthcare
monthly pharmacy,healthcare
paid for local restaurant,food
uber accra payment,transport
dstv subscription payment,entertainment
west hills mall,shopping
school fees payment,education
insurance premium,bills
monthly game stores,shopping
paid for insurance premium,bills
transport fare - 236 GHS,travel
nhis payment - 447 GHS,healthcare
silverbird cinema - 326 GHS,entertainment
uber accra payment,transport
monthly palace shopping,shopping
flight to kumasi payment,travel
vip transport - 111 GHS,transport
paid for knust tuition,education
paid for rent payment,bills
clothing payment,shopping
nhis payment payment,healthcare
paid for transport fare,travel
game stores - 462 GHS,shopping
medical checkup payment,healthcare
silverbird cinema - 202 GHS,entertainment
monthly dstv subscription,entertainment
ridge hospital,healthcare
game stores - 148 GHS,shopping
gotv payment,entertainment
monthly dstv subscription,entertainment
kotoka airport payment,travel
paid for textbook purchase,education
vip transport,transport
paid for ucc payment,education
taxi fare,transport
vacation expenses - 88 GHS,travel
palace shopping,shopping
knust tuition,education
fufu - 18 GHS,food
textbook purchase payment,education
paid for hotel booking,travel
shs bus - 60 GHS,transport
paid for makola market,shopping
monthly melcom snacks,food
hotel booking payment,travel
kfc accra - 107 GHS,food
monthly library fine,education
paid for clothing,shopping
total fuel,transport
library fine,education
shoprite food payment,food
paid for stationery,education
kotoka airport payment,travel
clothing,shopping
monthly gotv payment,entertainment
clinic visit payment,healthcare
metro mass - 307 GHS,transport
monthly tamale travel,travel
kenkey,food
monthly silverbird cinema,entertainment
goil fuel,transport
monthly shoprite,shopping
paid for flight to kumasi,travel
paid for netflix,entertainment
vodafone airtime,bills
west hills mall,shopping
legon fees payment,education
paid for mtn mobile money,bills
paid for west hills mall,shopping
monthly cape coast trip,travel
textbook purchase - 470 GHS,education
gwcl water - 69 GHS,bills
melcom - 67 GHS,shopping
monthly clinic visit,healthcare
monthly textbook purchase,education
dstv subscription payment,entertainment
monthly knust tuition,education
game stores payment,shopping
paid for shell petrol,transport
paid for trotro fare,transport
paid for shoprite,shopping
gotv payment - 241 GHS,entertainment
paid for knust tuition,education
monthly korle bu hospital,healthcare
ridge hospital,healthcare
monthly insurance premium,bills
monthly vip transport,transport
uber accra,transport
monthly kotoka airport,travel
ecg bill,bills
shell petrol,transport
vodafone airtime payment,bills
monthly netflix,entertainment
legon fees payment,education
monthly netflix,entertainment
kfc accra - 494 GHS,food
medical checkup,healthcare
clinic visit payment,healthcare
paid for waakye,food
tamale travel - 376 GHS,travel
monthly ucc payment,education
transport fare payment,travel
jollof - 250 GHS,food
ucc payment,education
monthly library fine,education
kenkey,food
gotv payment,entertainment
vodafone airtime,bills
ridge hospital,healthcare
dstv subscription - 200 GHS,entertainment
paid for uber accra,transport
metro mass payment,transport
paid for tamale travel,travel
paid for tamale travel,travel
cape coast trip payment,travel
monthly vacation expenses,travel
total fuel - 266 GHS,transport
monthly trotro fare,transport
makola market payment,shopping
palace shopping - 245 GHS,shopping
paid for ecg bill,bills
palace shopping payment,shopping
paid for insurance premium,bills
melcom snacks - 290 GHS,food
school fees,education
dstv subscription payment,entertainment
monthly taxi fare,transport
flight to kumasi payment,travel
monthly knust tuition,education
shoprite food - 206 GHS,food
taxi fare payment,transport
shoprite - 365 GHS,shopping
monthly gotv payment,entertainment
paid for textbook purchase,education
tamale travel,travel
vacation expenses payment,travel
kaneshie market - 433 GHS,shopping
movie night,entertainment
rent payment payment,bills
fufu payment,food
monthly ucc payment,education
banku payment,food
concert ticket payment,entertainment
shoprite food payment,food
concert ticket - 271 GHS,entertainment
ridge hospital,healthcare
chop bar - 214 GHS,food
paid for tamale travel,travel
movie night,entertainment
uber accra,transport
kaneshie market,shopping
monthly ecg bill,bills
paid for school fees,education
paid for transport fare,travel
school fees,education
paid for nhis payment,healthcare
insurance premium,bills
paid for transport fare,travel
paid for shoprite,shopping
kotoka airport payment,travel
monthly flight to kumasi,travel
bolt ride payment,transport
silverbird cinema payment,entertainment
bolt ride - 255 GHS,transport
spotify premium payment,entertainment
uber accra,transport
monthly medical checkup,healthcare
paid for melcom,shopping
makola market - 148 GHS,shopping
gotv payment,entertainment
monthly trotro fare,transport
tamale travel - 330 GHS,travel
paid for library fine,education
monthly melcom,shopping
papaye,food
paid for kfc accra,food
paid for banku,food
school fees - 218 GHS,education
movie night payment,entertainment
transport fare,travel
nhis payment,healthcare
paid for knust tuition,education
gwcl water - 325 GHS,bills
monthly airteltigo data,bills
paid for shoprite,shopping
uber accra,transport
chop bar - 446 GHS,food
paid for trotro fare,transport
hotel booking payment,travel
korle bu hospital - 370 GHS,healthcare
kfc accra - 129 GHS,food
monthly uber accra,transport
paid for pharmacy,healthcare
monthly shoprite,shopping
paid for uber accra,transport
monthly gwcl water,bills
west hills mall,shopping
total fuel - 481 GHS,transport
monthly palace shopping,shopping
kotoka airport - 65 GHS,travel
clothing,shopping
monthly shoprite food,food
melcom - 444 GHS,shopping
shell petrol,transport
monthly textbook purchase,education
monthly kotoka airport,travel
ecg bill,bills
knust tuition,education
makola market - 163 GHS,shopping
dstv subscription - 362 GHS,entertainment
paid for shoprite,shopping
kotoka airport,travel
ucc payment payment,education
monthly rent payment,bills
hotel booking payment,travel
nhis payment - 175 GHS,healthcare
monthly insurance premium,bills
monthly shoprite,shopping
paid for melcom,shopping
monthly cape coast trip,travel
trotro fare payment,transport
west hills mall payment,shopping
mtn mobile money - 247 GHS,bills
monthly uber accra,transport
paid for ecg bill,bills
vip transport - 345 GHS,transport
airteltigo data payment,bills
paid for doctor consultation,healthcare
paid for stationery,education
paid for tamale travel,travel
melcom snacks,food
transport fare - 178 GHS,travel
shoprite,shopping
vodafone airtime,bills
vodafone airtime - 77 GHS,bills
doctor consultation,healthcare
shoprite food - 59 GHS,food
ecg bill - 494 GHS,bills
monthly kotoka airport,travel
monthly tamale travel,travel
total fuel payment,transport
gwcl water,bills
trotro fare - 126 GHS,transport
game stores payment,shopping
paid for korle bu hospital,healthcare
monthly silverbird cinema,entertainment
shoprite,shopping
paid for shoprite food,food
monthly tamale travel,travel
monthly insurance premium,bills
trotro fare - 387 GHS,transport
waakye - 327 GHS,food
nhis payment,healthcare
paid for jollof,food
stationery - 383 GHS,education
gwcl water - 142 GHS,bills
goil fuel payment,transport
paid for waakye,food
monthly kaneshie market,shopping
metro mass payment,transport
movie night - 399 GHS,entertainment
fufu - 274 GHS,food
paid for melcom snacks,food
paid for movie night,entertainment
clothing payment,shopping
uber accra - 378 GHS,transport
bolt ride,transport
monthly nhis payment,healthcare
concert ticket - 113 GHS,entertainment
doctor consultation - 156 GHS,healthcare
pharmacy - 128 GHS,healthcare
legon fees payment,education
clothing,shopping
spotify premium - 494 GHS,entertainment
rent payment payment,bills
rent payment payment,bills
gwcl water - 199 GHS,bills
monthly makola market,shopping
paid for cape coast trip,travel
paid for ucc payment,education
gotv payment - 157 GHS,entertainment
paid for clinic visit,healthcare
paid for accra mall,shopping
paid for spotify premium,entertainment
monthly flight to kumasi,travel
vodafone airtime payment,bills
monthly dstv subscription,entertainment
ecg bill - 306 GHS,bills
taxi fare,transport
airteltigo data - 273 GHS,bills
mtn mobile money - 369 GHS,bills
monthly banku,food
paid for textbook purchase,education
monthly ecg bill,bills
paid for textbook purchase,education
paid for pharmacy,healthcare
kotoka airport - 437 GHS,travel
spotify premium - 411 GHS,entertainment
paid for kotoka airport,travel
paid for netflix,entertainment
monthly banku,food
monthly dstv subscription,entertainment
bolt ride - 464 GHS,transport
airteltigo data,bills
paid for silverbird cinema,entertainment
paid for spotify premium,entertainment
monthly goil fuel,transport
dstv subscription payment,entertainment
ridge hospital payment,healthcare
monthly airteltigo data,bills
paid for accra mall,shopping
medical checkup - 463 GHS,healthcare
paid for shoprite food,food
gotv payment payment,entertainment
monthly korle bu hospital,healthcare
medical checkup - 402 GHS,healthcare
monthly insurance premium,bills
movie night - 241 GHS,entertainment
doctor consultation payment,healthcare
nhis payment - 14 GHS,healthcare
paid for banku,food
kfc accra - 53 GHS,food
monthly insurance premium,bills
tamale travel payment,travel
paid for rent payment,bills
taxi fare,transport
knust tuition,education
cape coast trip - 321 GHS,travel
monthly library fine,education
vip transport payment,transport
kotoka airport payment,travel
airteltigo data - 122 GHS,bills
transport fare payment,travel
gwcl water - 100 GHS,bills
transport fare payment,travel
paid for waakye,food
ridge hospital - 287 GHS,healthcare
library fine payment,education
monthly gotv payment,entertainment
local restaurant - 246 GHS,food
paid for textbook purchase,education
monthly clinic visit,healthcare
monthly clothing,shopping
taxi fare payment,transport
shell petrol,transport
flight to kumasi,travel
dstv subscription payment,entertainment
mtn mobile money payment,bills
paid for vacation expenses,travel
ucc payment payment,education
paid for waakye,food
tamale travel,travel
paid for metro mass,transport
monthly school fees,education
paid for insurance premium,bills
paid for vip transport,transport
monthly vodafone airtime,bills
cape coast trip,travel
school fees,education
rent payment,bills
gotv payment payment,entertainment
monthly ridge hospital,healthcare
accra mall payment,shopping
insurance premium,bills
hotel booking payment,travel
korle bu hospital - 185 GHS,healthcare
goil fuel,transport
spotify premium payment,entertainment
netflix,entertainment
local restaurant,food
monthly melcom,shopping
rent payment payment,bills
kotoka airport,travel
trotro fare payment,transport
tamale travel payment,travel
paid for fufu,food
tamale travel - 71 GHS,travel
paid for banku,food
paid for metro mass,transport
hotel booking payment,travel
doctor consultation - 346 GHS,healthcare
monthly pharmacy,healthcare
monthly spotify premium,entertainment
pharmacy,healthcare
flight to kumasi,travel
monthly concert ticket,entertainment
taxi fare payment,transport
uber accra,transport
chop bar,food
cape coast trip - 473 GHS,travel
ucc payment - 472 GHS,education
library fine - 217 GHS,education
silverbird cinema,entertainment
knust tuition,education
textbook purchase,education
accra mall,shopping
monthly shoprite food,food
monthly vodafone airtime,bills
bolt ride - 129 GHS,transport
rent payment - 254 GHS,bills
monthly game stores,shopping
monthly total fuel,transport
monthly melcom snacks,food
monthly game stores,shopping
monthly nhis payment,healthcare
transport fare payment,travel
school fees payment,education
concert ticket payment,entertainment
school fees - 32 GHS,education
legon fees payment,education
medical checkup - 314 GHS,healthcare
paid for transport fare,travel
flight to kumasi,travel
paid for mtn mobile money,bills
paid for transport fare,travel
netflix payment,entertainment
accra mall,shopping
textbook purchase - 163 GHS,education
ridge hospital - 308 GHS,healthcare
paid for shoprite,shopping
monthly dstv subscription,entertainment
monthly spotify premium,entertainment
monthly library fine,education
medical checkup - 393 GHS,healthcare
local restaurant,food
paid for fufu,food
kfc accra payment,food
monthly banku,food
kenkey - 33 GHS,food
kaneshie market,shopping
paid for ridge hospital,healthcare
paid for medical checkup,healthcare
shoprite food payment,food
paid for ucc payment,education
paid for dstv subscription,entertainment
spotify premium,entertainment
waakye,food
pharmacy payment,healthcare
netflix payment,entertainment
tamale travel,travel
silverbird cinema - 376 GHS,entertainment
monthly nhis payment,healthcare
shs bus - 291 GHS,transport
shell petrol payment,transport
paid for clothing,shopping
hotel booking,travel
monthly mtn mobile money,bills
banku,food
kaneshie market,shopping
movie night,entertainment
monthly flight to kumasi,travel
monthly kotoka airport,travel
paid for doctor consultation,healthcare
medical checkup payment,healthcare
paid for korle bu hospital,healthcare
monthly rent payment,bills
paid for ucc payment,education
silverbird cinema,entertainment
paid for library fine,education
paid for shoprite food,food
paid for transport fare,travel
palace shopping - 421 GHS,shopping
airteltigo data payment,bills
pharmacy - 148 GHS,healthcare
ucc payment payment,education
paid for taxi fare,transport
monthly fufu,food
gotv payment,entertainment
spotify premium,entertainment
paid for transport fare,travel
textbook purchase,education
bolt ride - 187 GHS,transport
clinic visit payment,healthcare
trotro fare - 463 GHS,transport
insurance premium,bills
banku,food
netflix - 30 GHS,entertainment
rent payment payment,bills
kfc accra payment,food
monthly stationery,education
bolt ride - 376 GHS,transport
paid for gwcl water,bills
paid for korle bu hospital,healthcare
goil fuel - 447 GHS,transport
gotv payment - 234 GHS,entertainment
west hills mall,shopping
silverbird cinema payment,entertainment
monthly concert ticket,entertainment
kotoka airport - 458 GHS,travel
monthly vip transport,transport
school fees - 448 GHS,education
nhis payment - 489 GHS,healthcare
shoprite food payment,food
textbook purchase payment,education
vacation expenses payment,travel
monthly gwcl water,bills
flight to kumasi,travel
paid for doctor consultation,healthcare
kfc accra,food
nhis payment payment,healthcare
monthly stationery,education
paid for rent payment,bills
paid for metro mass,transport
melcom payment,shopping
dstv subscription - 351 GHS,entertainment
paid for game stores,shopping
monthly mtn mobile money,bills
library fine - 451 GHS,education
airteltigo data payment,bills
monthly mtn mobile money,bills
taxi fare payment,transport
paid for nhis payment,healthcare
silverbird cinema payment,entertainment
makola market - 356 GHS,shopping
kaneshie market,shopping
hotel booking payment,travel
knust tuition - 407 GHS,education
tamale travel - 193 GHS,travel
insurance premium payment,bills
goil fuel payment,transport
monthly ecg bill,bills
west hills mall payment,shopping
ucc payment,education
nhis payment,healthcare
trotro fare payment,transport
bolt ride payment,transport
monthly clothing,shopping
shs bus payment,transport
pharmacy,healthcare
monthly clothing,shopping
monthly ucc payment,education
dstv subscription payment,entertainment
rent payment payment,bills
kotoka airport - 404 GHS,travel
vacation expenses,travel
monthly cape coast trip,travel
tamale travel,travel
monthly stationery,education
airteltigo data,bills
ridge hospital payment,healthcare
ucc payment,education
gwcl water,bills
paid for legon fees,education
monthly korle bu hospital,healthcare
clinic visit - 480 GHS,healthcare
paid for school fees,education
chop bar payment,food
monthly textbook purchase,education
paid for mtn mobile money,bills
kaneshie market - 149 GHS,shopping
monthly vodafone airtime,bills
taxi fare - 265 GHS,transport
taxi fare payment,transport
monthly melcom,shopping
waakye,food
shs bus payment,transport
ucc payment,education
gwcl water - 107 GHS,bills
monthly silverbird cinema,entertainment
paid for korle bu hospital,healthcare
monthly school fees,education
cape coast trip payment,travel
monthly netflix,entertainment
local restaurant,food
monthly doctor consultation,healthcare
paid for clothing,shopping
nhis payment payment,healthcare
gwcl water,bills
metro mass - 438 GHS,transport
cape coast trip payment,travel
tamale travel,travel
airteltigo data,bills
silverbird cinema - 293 GHS,entertainment
insurance premium,bills
legon fees payment,education
paid for clinic visit,healthcare
pharmacy - 140 GHS,healthcare
paid for uber accra,transport
concert ticket,entertainment
total fuel payment,transport
vodafone airtime payment,bills
metro mass payment,transport
monthly kfc accra,food
gotv payment payment,entertainment
ecg bill payment,bills
knust tuition - 296 GHS,education
textbook purchase,education
paid for vodafone airtime,bills
monthly korle bu hospital,healthcare
concert ticket payment,entertainment
flight to kumasi - 252 GHS,travel
silverbird cinema payment,entertainment
monthly palace shopping,shopping
knust tuition payment,education
monthly local restaurant,food
insurance premium - 467 GHS,bills
pharmacy payment,healthcare
gwcl water,bills
textbook purchase payment,education
stationery - 99 GHS,education
shoprite payment,shopping
stationery - 471 GHS,education
monthly local restaurant,food
shoprite,shopping
ucc payment - 99 GHS,education
monthly papaye,food
vacation expenses - 341 GHS,travel
hotel booking - 276 GHS,travel
chop bar payment,food
gwcl water - 399 GHS,bills
paid for gwcl water,bills
ridge hospital,healthcare
knust tuition - 421 GHS,education
shell petrol - 212 GHS,transport
monthly vacation expenses,travel
monthly nhis payment,healthcare
palace shopping,shopping
paid for waakye,food
paid for nhis payment,healthcare
monthly ridge hospital,healthcare
gwcl water,bills
monthly cape coast trip,travel
palace shopping - 129 GHS,shopping
monthly bolt ride,transport
papaye payment,food
melcom,shopping
paid for papaye,food
paid for netflix,entertainment
rent payment,bills
goil fuel - 373 GHS,transport
melcom snacks - 368 GHS,food
knust tuition - 95 GHS,education
monthly transport fare,travel
monthly medical checkup,healthcare
vip transport,transport
paid for palace shopping,shopping
paid for shs bus,transport
kfc accra - 33 GHS,food
melcom,shopping
west hills mall - 219 GHS,shopping
movie night - 280 GHS,entertainment
silverbird cinema payment,entertainment
transport fare,travel
monthly airteltigo data,bills
paid for shell petrol,transport
bolt ride,transport
medical checkup payment,healthcare
waakye - 323 GHS,food
ecg bill payment,bills
ucc payment,education
monthly kaneshie market,shopping
paid for rent payment,bills
monthly vip transport,transport
spotify premium,entertainment
kaneshie market payment,shopping
paid for legon fees,education
paid for flight to kumasi,travel
paid for library fine,education
monthly tamale travel,travel
pharmacy payment,healthcare
paid for transport fare,travel
shoprite food - 307 GHS,food
paid for taxi fare,transport
palace shopping payment,shopping
vacation expenses,travel
ucc payment payment,education
paid for ecg bill,bills
paid for clothing,shopping
monthly doctor consultation,healthcare
vip transport - 44 GHS,transport
vip transport,transport
paid for doctor consultation,healthcare
vacation expenses - 320 GHS,travel
monthly nhis payment,healthcare
goil fuel,transport
monthly taxi fare,transport
monthly ecg bill,bills
dstv subscription,entertainment
west hills mall payment,shopping
monthly insurance premium,bills
paid for transport fare,travel
total fuel,transport
paid for vodafone airtime,bills
paid for kotoka airport,travel
paid for jollof,food
vacation expenses payment,travel
netflix - 115 GHS,entertainment
gwcl water payment,bills
palace shopping - 196 GHS,shopping
school fees,education
monthly vodafone airtime,bills
paid for korle bu hospital,healthcare
monthly pharmacy,healthcare
mtn mobile money - 461 GHS,bills
tamale travel payment,travel
paid for legon fees,education
jollof - 433 GHS,food
accra mall - 84 GHS,shopping
airteltigo data - 374 GHS,bills
monthly tamale travel,travel
monthly tamale travel,travel
kotoka airport - 131 GHS,travel
fufu,food
clothing payment,shopping
pharmacy payment,healthcare
trotro fare payment,transport
kfc accra - 471 GHS,food
movie night payment,entertainment
concert ticket payment,entertainment
bolt ride payment,transport
accra mall - 464 GHS,shopping
korle bu hospital payment,healthcare
goil fuel,transport
paid for bolt ride,transport
kfc accra - 276 GHS,food
monthly cape coast trip,travel
monthly cape coast trip,travel
west hills mall,shopping
nhis payment,healthcare
west hills mall - 252 GHS,shopping
spotify premium,entertainment
doctor consultation,healthcare
ucc payment payment,education
fufu - 131 GHS,food
flight to kumasi payment,travel
monthly doctor consultation,healthcare
kenkey - 40 GHS,food
paid for gotv payment,entertainment
bolt ride payment,transport
monthly movie night,entertainment
monthly concert ticket,entertainment
gwcl water,bills
local restaurant - 205 GHS,food
monthly legon fees,education
monthly dstv subscription,entertainment
waakye payment,food
palace shopping - 430 GHS,shopping
monthly game stores,shopping
monthly concert ticket,entertainment
doctor consultation - 176 GHS,healthcare
kfc accra - 484 GHS,food
spotify premium payment,entertainment
paid for west hills mall,shopping
ridge hospital - 48 GHS,healthcare
paid for gotv payment,entertainment
rent payment - 258 GHS,bills
rent payment - 332 GHS,bills
paid for korle bu hospital,healthcare
paid for clinic visit,healthcare
paid for concert ticket,entertainment
taxi fare payment,transport
vodafone airtime,bills
flight to kumasi,travel
paid for legon fees,education
monthly ecg bill,bills
game stores,shopping
library fine,education
papaye,food
ridge hospital - 209 GHS,healthcare
monthly ucc payment,education
paid for pharmacy,healthcare
uber accra - 461 GHS,transport
paid for textbook purchase,education
paid for stationery,education
gotv payment payment,entertainment
clothing payment,shopping
monthly textbook purchase,education
paid for chop bar,food
textbook purchase,education
monthly concert ticket,entertainment
netflix - 25 GHS,entertainment
paid for papaye,food
ecg bill - 44 GHS,bills
makola market payment,shopping
monthly metro mass,transport
tamale travel,travel
medical checkup,healthcare
paid for hotel booking,travel
shs bus - 469 GHS,transport
paid for spotify premium,entertainment
paid for clothing,shopping
local restaurant,food
nhis payment payment,healthcare
pharmacy,healthcare
paid for vodafone airtime,bills
vip transport payment,transport
monthly kfc accra,food
vodafone airtime - 81 GHS,bills
paid for nhis payment,healthcare
ucc payment payment,education
monthly cape coast trip,travel
local restaurant,food
kotoka airport payment,travel
paid for pharmacy,healthcare
monthly accra mall,shopping
paid for shs bus,transport
silverbird cinema - 347 GHS,entertainment
dstv subscription - 452 GHS,entertainment
knust tuition payment,education
silverbird cinema payment,entertainment
clinic visit,healthcare
fufu payment,food
paid for tamale travel,travel
fufu - 23 GHS,food
monthly concert ticket,entertainment
insurance premium,bills
library fine payment,education
monthly palace shopping,shopping
kaneshie market payment,shopping
taxi fare payment,transport
kotoka airport payment,travel
paid for palace shopping,shopping
spotify premium - 403 GHS,entertainment
ridge hospital payment,healthcare
ecg bill payment,bills
dstv subscription,entertainment
hotel booking payment,travel
monthly vacation expenses,travel
hotel booking,travel
monthly melcom,shopping
paid for flight to kumasi,travel
monthly netflix,entertainment
paid for textbook purchase,education
medical checkup payment,healthcare
monthly shoprite,shopping
kaneshie market,shopping
library fine,education
papaye payment,food
textbook purchase payment,education
tamale travel payment,travel
transport fare - 197 GHS,travel
uber accra payment,transport
tamale travel payment,travel
silverbird cinema payment,entertainment
local restaurant - 24 GHS,food
monthly concert ticket,entertainment
paid for rent payment,bills
monthly gotv payment,entertainment
insurance premium payment,bills
textbook purchase,education
nhis payment,healthcare
transport fare,travel
monthly palace shopping,shopping
gotv payment payment,entertainment
paid for ecg bill,bills
kfc accra - 473 GHS,food
clinic visit,healthcare
paid for kaneshie market,shopping
spotify premium - 207 GHS,entertainment
accra mall - 465 GHS,shopping
vacation expenses - 118 GHS,travel
tamale travel payment,travel
kotoka airport - 208 GHS,travel
melcom snacks,food
flight to kumasi - 470 GHS,travel
paid for spotify premium,entertainment
paid for shoprite,shopping
ecg bill,bills
doctor consultation payment,healthcare
goil fuel - 423 GHS,transport
textbook purchase payment,education
monthly kenkey,food
banku payment,food
dstv subscription,entertainment
silverbird cinema payment,entertainment
paid for dstv subscription,entertainment
monthly nhis payment,healthcare
paid for banku,food
monthly textbook purchase,education
medical checkup,healthcare
monthly ridge hospital,healthcare
monthly banku,food
monthly korle bu hospital,healthcare
kaneshie market,shopping
uber accra payment,transport
korle bu hospital - 28 GHS,healthcare
paid for gwcl water,bills
uber accra - 60 GHS,transport
monthly taxi fare,transport
tamale travel,travel
monthly banku,food
monthly cape coast trip,travel
knust tuition payment,education
paid for spotify premium,entertainment
paid for vodafone airtime,bills
monthly clinic visit,healthcare
paid for doctor consultation,healthcare
nhis payment - 314 GHS,healthcare
stationery payment,education
shoprite - 429 GHS,shopping
melcom snacks - 191 GHS,food
monthly bolt ride,transport
monthly ecg bill,bills
paid for fufu,food
accra mall,shopping
waakye - 379 GHS,food
dstv subscription payment,entertainment
doctor consultation - 94 GHS,healthcare
vacation expenses,travel
banku payment,food
monthly rent payment,bills
banku,food
west hills mall payment,shopping
metro mass - 319 GHS,transport
cape coast trip,travel
stationery,education
paid for vacation expenses,travel
insurance premium - 344 GHS,bills
legon fees - 208 GHS,education
rent payment payment,bills
paid for shoprite,shopping
textbook purchase,education
medical checkup,healthcare
monthly vacation expenses,travel
paid for chop bar,food
monthly knust tuition,education
dstv subscription,entertainment
paid for clothing,shopping
clinic visit,healthcare
hotel booking,travel
monthly silverbird cinema,entertainment
silverbird cinema,entertainment
gwcl water payment,bills
paid for airteltigo data,bills
melcom - 391 GHS,shopping
gotv payment,entertainment
trotro fare - 445 GHS,transport
goil fuel payment,transport
vodafone airtime,bills
jollof payment,food
paid for taxi fare,transport
paid for kaneshie market,shopping
paid for silverbird cinema,entertainment
dstv subscription - 470 GHS,entertainment
monthly netflix,entertainment
uber accra,transport
monthly shell petrol,transport
school fees payment,education
kotoka airport payment,travel
monthly school fees,education
fufu - 86 GHS,food
kenkey - 379 GHS,food
monthly metro mass,transport
monthly movie night,entertainment
gwcl water payment,bills
silverbird cinema - 382 GHS,entertainment
paid for knust tuition,education
monthly tamale travel,travel
waakye payment,food
shoprite food - 489 GHS,food
movie night - 68 GHS,entertainment
paid for tamale travel,travel
insurance premium payment,bills
monthly tamale travel,travel
nhis payment - 487 GHS,healthcare
paid for gwcl water,bills
paid for taxi fare,transport
paid for vacation expenses,travel
paid for school fees,education
paid for accra mall,shopping
makola market - 222 GHS,shopping
monthly vodafone airtime,bills
monthly kaneshie market,shopping
ucc payment payment,education
monthly tamale travel,travel
monthly mtn mobile money,bills
medical checkup - 60 GHS,healthcare
clinic visit - 118 GHS,healthcare
paid for ecg bill,bills
paid for accra mall,shopping
kaneshie market,shopping
monthly clinic visit,healthcare
transport fare payment,travel
paid for vacation expenses,travel
kotoka airport - 107 GHS,travel
monthly melcom snacks,food
pharmacy,healthcare
monthly legon fees,education
stationery - 62 GHS,education
stationery,education
banku payment,food
vodafone airtime payment,bills
monthly taxi fare,transport
paid for clinic visit,healthcare
korle bu hospital payment,healthcare
school fees - 234 GHS,education
paid for silverbird cinema,entertainment
concert ticket payment,entertainment
paid for ridge hospital,healthcare
kaneshie market - 201 GHS,shopping
monthly vacation expenses,travel
paid for melcom snacks,food
paid for gwcl water,bills
movie night,entertainment
paid for dstv subscription,entertainment
mtn mobile money - 269 GHS,bills
paid for palace shopping,shopping
paid for legon fees,education
uber accra,transport
legon fees - 271 GHS,education
netflix - 65 GHS,entertainment
paid for total fuel,transport
uber accra,transport
monthly metro mass,transport
shoprite food - 177 GHS,food
monthly gotv payment,entertainment
paid for trotro fare,transport
paid for korle bu hospital,healthcare
airteltigo data payment,bills
monthly melcom snacks,food
ridge hospital payment,healthcare
total fuel - 304 GHS,transport
paid for concert ticket,entertainment
paid for tamale travel,travel
vacation expenses payment,travel
transport fare - 355 GHS,travel
monthly total fuel,transport
kaneshie market payment,shopping
kenkey - 239 GHS,food
silverbird cinema,entertainment
shoprite,shopping
monthly waakye,food
kfc accra,food
doctor consultation,healthcare
vip transport - 164 GHS,transport
flight to kumasi - 404 GHS,travel
clothing - 236 GHS,shopping
school fees,education
clinic visit - 240 GHS,healthcare
paid for kotoka airport,travel
clinic visit,healthcare
paid for korle bu hospital,healthcare
ridge hospital - 141 GHS,healthcare
school fees,education
kfc accra - 334 GHS,food
palace shopping,shopping
pharmacy payment,healthcare
kfc accra - 483 GHS,food
kfc accra,food
paid for kfc accra,food
vip transport,transport
paid for library fine,education
waakye - 471 GHS,food
monthly medical checkup,healthcare
waakye - 334 GHS,food
west hills mall,shopping
paid for clinic visit,healthcare
makola market payment,shopping
paid for goil fuel,transport
school fees,education
melcom snacks,food
monthly kaneshie market,shopping
metro mass,transport
paid for textbook purchase,education
paid for palace shopping,shopping
chop bar payment,food
monthly shoprite food,food
paid for shell petrol,transport
palace shopping - 229 GHS,shopping
monthly kotoka airport,travel
netflix - 480 GHS,entertainment
pharmacy - 142 GHS,healthcare
hotel booking - 364 GHS,travel
uber accra,transport
banku payment,food
paid for shoprite,shopping
taxi fare payment,transport
monthly gwcl water,bills
stationery,education
paid for ridge hospital,healthcare
metro mass,transport
paid for kenkey,food
hotel booking - 167 GHS,travel
netflix,entertainment
monthly west hills mall,shopping
paid for bolt ride,transport
clinic visit - 150 GHS,healthcare
total fuel,transport
makola market payment,shopping
vip transport,transport
monthly accra mall,shopping
fufu - 290 GHS,food
legon fees - 338 GHS,education
monthly mtn mobile money,bills
cape coast trip,travel
paid for kfc accra,food
textbook purchase payment,education
paid for legon fees,education
monthly korle bu hospital,healthcare
concert ticket payment,entertainment
kenkey - 284 GHS,food
knust tuition - 50 GHS,education
paid for shoprite,shopping
paid for legon fees,education
trotro fare payment,transport
monthly melcom snacks,food
kotoka airport - 365 GHS,travel
monthly mtn mobile money,bills
monthly vacation expenses,travel
local restaurant payment,food
paid for bolt ride,transport
monthly shs bus,transport
paid for makola market,shopping
paid for silverbird cinema,entertainment
waakye payment,food
monthly ucc payment,education
monthly cape coast trip,travel
monthly airteltigo data,bills
gwcl water,bills
paid for vacation expenses,travel
total fuel payment,transport
monthly silverbird cinema,entertainment
gwcl water,bills
monthly transport fare,travel
ecg bill - 221 GHS,bills
paid for vodafone airtime,bills
paid for kfc accra,food
monthly transport fare,travel
monthly rent payment,bills
vodafone airtime,bills
vip transport - 173 GHS,transport
paid for kotoka airport,travel
monthly pharmacy,healthcare
concert ticket - 309 GHS,entertainment
makola market,shopping
doctor consultation payment,healthcare
melcom snacks,food
trotro fare - 467 GHS,transport
paid for chop bar,food
legon fees - 136 GHS,education
nhis payment payment,healthcare
doctor consultation - 459 GHS,healthcare
monthly silverbird cinema,entertainment
gwcl water,bills
kotoka airport,travel
monthly spotify premium,entertainment
paid for school fees,education
monthly trotro fare,transport
concert ticket,entertainment
jollof,food
ridge hospital,healthcare
waakye payment,food
silverbird cinema,entertainment
paid for gotv payment,entertainment
spotify premium - 271 GHS,entertainment
silverbird cinema payment,entertainment
nhis payment - 210 GHS,healthcare
insurance premium - 47 GHS,bills
cape coast trip,travel
airteltigo data - 301 GHS,bills
flight to kumasi - 169 GHS,travel
makola market - 136 GHS,shopping
gotv payment payment,entertainment
flight to kumasi payment,travel
knust tuition,education
shell petrol,transport
bolt ride payment,transport
monthly concert ticket,entertainment
paid for metro mass,transport
library fine,education
monthly doctor consultation,healthcare
medical checkup payment,healthcare
korle bu hospital,healthcare
paid for accra mall,shopping
school fees payment,education
monthly mtn mobile money,bills
medical checkup,healthcare
library fine - 361 GHS,education
paid for school fees,education
paid for textbook purchase,education
airteltigo data payment,bills
silverbird cinema,entertainment
metro mass payment,transport
doctor consultation payment,healthcare
shell petrol,transport
accra mall,shopping
paid for gwcl water,bills
melcom snacks,food
paid for library fine,education
jollof payment,food
nhis payment,healthcare
hotel booking payment,travel
rent payment - 483 GHS,bills
monthly shs bus,transport
tamale travel - 500 GHS,travel
jollof,food
paid for doctor consultation,healthcare
paid for flight to kumasi,travel
monthly vodafone airtime,bills
paid for trotro fare,transport
transport fare payment,travel
paid for ucc payment,education
paid for silverbird cinema,entertainment
jollof,food
cape coast trip,travel
monthly melcom,shopping
local restaurant payment,food
monthly fufu,food
monthly shoprite,shopping
medical checkup payment,healthcare
monthly mtn mobile money,bills
paid for taxi fare,transport
paid for vip transport,transport
makola market payment,shopping
paid for shs bus,transport
knust tuition,education
monthly korle bu hospital,healthcare
monthly rent payment,bills
korle bu hospital - 342 GHS,healthcare
gotv payment - 327 GHS,entertainment
korle bu hospital,healthcare
clothing - 109 GHS,shopping
palace shopping,shopping
paid for mtn mobile money,bills
monthly flight to kumasi,travel
nhis payment payment,healthcare
kaneshie market - 74 GHS,shopping
paid for movie night,entertainment
knust tuition payment,education
taxi fare payment,transport
hotel booking - 303 GHS,travel
monthly ridge hospital,healthcare
paid for textbook purchase,education
monthly vip transport,transport
trotro fare - 448 GHS,transport
kfc accra - 287 GHS,food
monthly kenkey,food
ridge hospital,healthcare
paid for vacation expenses,travel
chop bar - 497 GHS,food
jollof,food
legon fees payment,education
west hills mall,shopping
vip transport payment,transport
paid for stationery,education
palace shopping,shopping
shoprite food,food
flight to kumasi payment,travel
chop bar payment,food
monthly dstv subscription,entertainment
accra mall - 285 GHS,shopping
insurance premium - 309 GHS,bills
game stores,shopping
shoprite,shopping
monthly library fine,education
monthly netflix,entertainment
airteltigo data,bills
monthly gotv payment,entertainment
goil fuel - 302 GHS,transport
paid for movie night,entertainment
ridge hospital,healthcare
paid for chop bar,food
paid for gotv payment,entertainment
mtn mobile money,bills
kenkey payment,food
paid for school fees,education
paid for uber accra,transport
goil fuel - 104 GHS,transport
monthly flight to kumasi,travel
legon fees payment,education
textbook purchase - 185 GHS,education
nhis payment - 295 GHS,healthcare
monthly vodafone airtime,bills
paid for palace shopping,shopping
monthly taxi fare,transport
textbook purchase,education
concert ticket - 127 GHS,entertainment
local restaurant - 246 GHS,food
paid for clothing,shopping
kotoka airport payment,travel
knust tuition payment,education
paid for nhis payment,healthcare
kotoka airport - 249 GHS,travel
local restaurant payment,food
gotv payment payment,entertainment
paid for accra mall,shopping
gwcl water,bills
monthly kfc accra,food
knust tuition - 364 GHS,education
legon fees payment,education
kenkey,food
paid for hotel booking,travel
game stores - 240 GHS,shopping
movie night payment,entertainment
clinic visit - 493 GHS,healthcare
monthly legon fees,education
stationery - 304 GHS,education
paid for stationery,education
local restaurant - 356 GHS,food
kfc accra,food
airteltigo data - 331 GHS,bills
knust tuition - 144 GHS,education
tamale travel,travel
ucc payment payment,education
monthly airteltigo data,bills
paid for textbook purchase,education
paid for palace shopping,shopping
paid for airteltigo data,bills
vodafone airtime - 180 GHS,bills
airteltigo data payment,bills
monthly gotv payment,entertainment
trotro fare - 480 GHS,transport
goil fuel payment,transport
paid for banku,food
paid for ridge hospital,healthcare
monthly cape coast trip,travel
makola market,shopping
monthly banku,food
pharmacy,healthcare
vodafone airtime payment,bills
accra mall,shopping
gotv payment - 424 GHS,entertainment
mtn mobile money - 451 GHS,bills
clinic visit payment,healthcare
monthly vodafone airtime,bills
knust tuition payment,education
paid for local restaurant,food
vacation expenses,travel
monthly spotify premium,entertainment
shoprite - 372 GHS,shopping
netflix,entertainment
papaye,food
monthly stationery,education
monthly medical checkup,healthcare
dstv subscription - 299 GHS,entertainment
paid for rent payment,bills
paid for spotify premium,entertainment
shoprite food,food
nhis payment - 250 GHS,healthcare
stationery,education
monthly clothing,shopping
bolt ride - 480 GHS,transport
paid for taxi fare,transport
hotel booking - 399 GHS,travel
taxi fare payment,transport
knust tuition,education
ucc payment payment,education
papaye payment,food
paid for pharmacy,healthcare
legon fees payment,education
monthly trotro fare,transport
kenkey - 359 GHS,food
monthly bolt ride,transport
library fine payment,education
monthly game stores,shopping
paid for clinic visit,healthcare
dstv subscription payment,entertainment
vip transport - 459 GHS,transport
textbook purchase,education
west hills mall,shopping
paid for doctor consultation,healthcare
shoprite food - 399 GHS,food
monthly clothing,shopping
bolt ride,transport
korle bu hospital payment,healthcare
paid for gotv payment,entertainment
goil fuel,transport
ridge hospital payment,healthcare
clinic visit,healthcare
monthly shs bus,transport
melcom,shopping
paid for netflix,entertainment
library fine,education
clinic visit,healthcare
paid for movie night,entertainment
nhis payment,healthcare
cape coast trip,travel
ridge hospital payment,healthcare
paid for movie night,entertainment
ucc payment payment,education
paid for ecg bill,bills
monthly melcom snacks,food
metro mass payment,transport
vip transport payment,transport
monthly melcom,shopping
paid for trotro fare,transport
paid for total fuel,transport
fufu - 465 GHS,food
makola market payment,shopping
paid for clothing,shopping
clinic visit,healthcare
spotify premium,entertainment
monthly taxi fare,transport
flight to kumasi,travel
mtn mobile money - 394 GHS,bills
monthly korle bu hospital,healthcare
tamale travel payment,travel
paid for melcom snacks,food
clinic visit payment,healthcare
paid for dstv subscription,entertainment
paid for makola market,shopping
stationery payment,education
paid for chop bar,food
airteltigo data payment,bills
west hills mall payment,shopping
monthly banku,food
ecg bill payment,bills
paid for nhis payment,healthcare
legon fees - 460 GHS,education
nhis payment - 104 GHS,healthcare
west hills mall,shopping
monthly insurance premium,bills
uber accra - 324 GHS,transport
library fine - 164 GHS,education
kfc accra payment,food
monthly shoprite,shopping
netflix,entertainment
kotoka airport - 211 GHS,travel
korle bu hospital payment,healthcare
paid for movie night,entertainment
school fees,education
monthly dstv subscription,entertainment
vacation expenses - 411 GHS,travel
taxi fare - 398 GHS,transport
monthly legon fees,education
silverbird cinema - 457 GHS,entertainment
dstv subscription - 351 GHS,entertainment
monthly dstv subscription,entertainment
monthly tamale travel,travel
paid for hotel booking,travel
nhis payment,healthcare
paid for dstv subscription,entertainment
legon fees - 216 GHS,education
library fine payment,education
monthly library fine,education
west hills mall,shopping
monthly stationery,education
fufu - 201 GHS,food
library fine payment,education
shoprite - 158 GHS,shopping
paid for insurance premium,bills
clothing,shopping
monthly kaneshie market,shopping
taxi fare payment,transport
uber accra - 463 GHS,transport
monthly dstv subscription,entertainment
fufu payment,food
kotoka airport,travel
monthly ecg bill,bills
chop bar,food
game stores,shopping
paid for stationery,education
paid for medical checkup,healthcare
textbook purchase - 429 GHS,education
paid for flight to kumasi,travel
monthly spotify premium,entertainment
school fees - 254 GHS,education
knust tuition payment,education
paid for west hills mall,shopping
tamale travel payment,travel
rent payment,bills
clinic visit,healthcare
paid for ucc payment,education
clothing payment,shopping
monthly nhis payment,healthcare
paid for trotro fare,transport
paid for vodafone airtime,bills
vip transport,transport
monthly tamale travel,travel
fufu,food
paid for west hills mall,shopping
kotoka airport - 62 GHS,travel
monthly transport fare,travel
paid for kotoka airport,travel
bolt ride,transport
paid for hotel booking,travel
paid for silverbird cinema,entertainment
ucc payment - 453 GHS,education
monthly library fine,education
trotro fare - 435 GHS,transport
vacation expenses payment,travel
trotro fare,transport
paid for game stores,shopping
monthly trotro fare,transport
monthly total fuel,transport
waakye - 168 GHS,food
knust tuition - 140 GHS,education
kotoka airport,travel
monthly mtn mobile money,bills
monthly shell petrol,transport
paid for shs bus,transport
vodafone airtime payment,bills
paid for palace shopping,shopping
textbook purchase - 50 GHS,education
game stores,shopping
clinic visit - 148 GHS,healthcare
flight to kumasi,travel
ecg bill,bills
monthly uber accra,transport
flight to kumasi,travel
monthly clinic visit,healthcare
ridge hospital,healthcare
monthly netflix,entertainment
airteltigo data,bills
mtn mobile money - 355 GHS,bills
monthly papaye,food
game stores - 245 GHS,shopping
monthly rent payment,bills
paid for accra mall,shopping
knust tuition,education
monthly cape coast trip,travel
ridge hospital payment,healthcare
paid for stationery,education
paid for legon fees,education
spotify premium - 47 GHS,entertainment
silverbird cinema payment,entertainment
stationery - 287 GHS,education
monthly game stores,shopping
clothing,shopping
monthly insurance premium,bills
paid for flight to kumasi,travel
monthly game stores,shopping
nhis payment payment,healthcare
stationery payment,education
paid for school fees,education
medical checkup payment,healthcare
monthly goil fuel,transport
mtn mobile money payment,bills
accra mall,shopping
shell petrol payment,transport
kotoka airport,travel
bolt ride,transport
game stores,shopping
paid for accra mall,shopping
ridge hospital payment,healthcare
paid for shoprite food,food
paid for spotify premium,entertainment
insurance premium - 385 GHS,bills
kfc accra,food
melcom snacks,food
paid for west hills mall,shopping
total fuel - 343 GHS,transport
shoprite food,food
medical checkup,healthcare
monthly goil fuel,transport
school fees - 389 GHS,education
monthly transport fare,travel
movie night - 426 GHS,entertainment
local restaurant payment,food
paid for kenkey,food
paid for transport fare,travel
vip transport,transport
tamale travel,travel
monthly airteltigo data,bills
monthly dstv subscription,entertainment
doctor consultation,healthcare
paid for shell petrol,transport
trotro fare,transport
waakye - 473 GHS,food
vodafone airtime payment,bills
monthly ucc payment,education
vacation expenses - 16 GHS,travel
dstv subscription,entertainment
cape coast trip payment,travel
stationery,education
paid for concert ticket,entertainment
monthly stationery,education
vacation expenses - 22 GHS,travel
metro mass,transport
game stores payment,shopping
monthly trotro fare,transport
paid for medical checkup,healthcare
gotv payment payment,entertainment
paid for vacation expenses,travel
paid for pharmacy,healthcare
monthly gotv payment,entertainment
paid for korle bu hospital,healthcare
vodafone airtime payment,bills
paid for fufu,food
stationery payment,education
textbook purchase,education
west hills mall payment,shopping
clinic visit - 195 GHS,healthcare
bolt ride,transport
waakye payment,food
concert ticket payment,entertainment
library fine,education
legon fees payment,education
monthly kaneshie market,shopping
shoprite payment,shopping
monthly ridge hospital,healthcare
legon fees - 34 GHS,education
vacation expenses payment,travel
melcom payment,shopping
paid for shoprite food,food
paid for melcom,shopping
clinic visit,healthcare
monthly hotel booking,travel
paid for cape coast trip,travel
shoprite,shopping
paid for chop bar,food
monthly kfc accra,food
mtn mobile money,bills
paid for dstv subscription,entertainment
ridge hospital,healthcare
uber accra,transport
monthly melcom snacks,food
silverbird cinema payment,entertainment
vip transport - 25 GHS,transport
movie night - 207 GHS,entertainment
kotoka airport payment,travel
rent payment payment,bills
game stores,shopping
tamale travel - 210 GHS,travel
monthly game stores,shopping
nhis payment - 268 GHS,healthcare
paid for ridge hospital,healthcare
paid for shs bus,transport
monthly banku,food
spotify premium - 260 GHS,entertainment
monthly vodafone airtime,bills
movie night - 411 GHS,entertainment
chop bar payment,food
insurance premium payment,bills
paid for airteltigo data,bills
total fuel payment,transport
transport fare payment,travel
paid for banku,food
paid for west hills mall,shopping
doctor consultation - 33 GHS,healthcare
shoprite food,food
transport fare payment,travel
paid for doctor consultation,healthcare
total fuel - 324 GHS,transport
monthly school fees,education
paid for kenkey,food
paid for korle bu hospital,healthcare
pharmacy,healthcare
monthly cape coast trip,travel
paid for local restaurant,food
monthly gwcl water,bills
paid for clothing,shopping
gwcl water payment,bills
paid for kotoka airport,travel
monthly goil fuel,transport
shoprite food,food
movie night,entertainment
monthly netflix,entertainment
kfc accra payment,food
paid for local restaurant,food
taxi fare payment,transport
legon fees,education
legon fees payment,education
netflix payment,entertainment
banku,food
monthly transport fare,travel
movie night,entertainment
monthly movie night,entertainment
vip transport - 352 GHS,transport
ecg bill - 65 GHS,bills
paid for school fees,education
library fine,education
paid for pharmacy,healthcare
kotoka airport payment,travel
kotoka airport,travel
monthly movie night,entertainment
bolt ride,transport
paid for tamale travel,travel
tamale travel,travel
tamale travel payment,travel
korle bu hospital - 77 GHS,healthcare
shoprite food payment,food
paid for flight to kumasi,travel
monthly hotel booking,travel
mtn mobile money - 104 GHS,bills
ridge hospital,healthcare
medical checkup,healthcare
kotoka airport payment,travel
trotro fare,transport
monthly kaneshie market,shopping
monthly ecg bill,bills
makola market payment,shopping
paid for hotel booking,travel
paid for spotify premium,entertainment
melcom - 99 GHS,shopping
paid for nhis payment,healthcare
monthly kenkey,food
netflix,entertainment
stationery - 95 GHS,education
monthly vacation expenses,travel
paid for vodafone airtime,bills
monthly clinic visit,healthcare
tamale travel - 82 GHS,travel
shell petrol payment,transport
monthly netflix,entertainment
knust tuition payment,education
local restaurant payment,food
rent payment,bills
paid for dstv subscription,entertainment
paid for ecg bill,bills
pharmacy,healthcare
monthly ridge hospital,healthcare
medical checkup payment,healthcare
tamale travel payment,travel
gotv payment,entertainment
gwcl water - 414 GHS,bills
monthly flight to kumasi,travel
concert ticket payment,entertainment
makola market - 44 GHS,shopping
doctor consultation - 153 GHS,healthcare
school fees - 88 GHS,education
paid for legon fees,education
monthly netflix,entertainment
ucc payment payment,education
shs bus,transport
gwcl water - 193 GHS,bills
clinic visit - 387 GHS,healthcare
mtn mobile money - 494 GHS,bills
medical checkup,healthcare
shell petrol - 395 GHS,transport
transport fare payment,travel
kotoka airport - 78 GHS,travel
paid for uber accra,transport
paid for kaneshie market,shopping
monthly ucc payment,education
monthly hotel booking,travel
paid for kaneshie market,shopping
insurance premium,bills
tamale travel,travel
monthly goil fuel,transport
shs bus - 299 GHS,transport
metro mass - 313 GHS,transport
dstv subscription,entertainment
paid for game stores,shopping
rent payment payment,bills
kaneshie market - 454 GHS,shopping
textbook purchase - 393 GHS,education
monthly netflix,entertainment
doctor consultation payment,healthcare
monthly korle bu hospital,healthcare
paid for ecg bill,bills
chop bar,food
paid for dstv subscription,entertainment
monthly melcom,shopping
paid for game stores,shopping
monthly waakye,food
monthly shoprite food,food
paid for west hills mall,shopping
jollof,food
netflix,entertainment
paid for silverbird cinema,entertainment
mtn mobile money payment,bills
kenkey - 59 GHS,food
shoprite food,food
monthly library fine,education
paid for spotify premium,entertainment
shoprite,shopping
paid for stationery,education
goil fuel - 426 GHS,transport
vodafone airtime payment,bills
paid for game stores,shopping
airteltigo data,bills
monthly jollof,food
cape coast trip payment,travel
paid for chop bar,food
paid for gwcl water,bills
paid for doctor consultation,healthcare
melcom snacks payment,food
kotoka airport - 422 GHS,travel
hotel booking,travel
transport fare payment,travel
paid for flight to kumasi,travel
paid for nhis payment,healthcare
monthly accra mall,shopping
monthly melcom snacks,food
goil fuel,transport
makola market - 138 GHS,shopping
doctor consultation payment,healthcare
melcom snacks,food
vacation expenses payment,travel
monthly shoprite food,food
melcom snacks,food
ecg bill,bills
transport fare,travel
makola market,shopping
airteltigo data payment,bills
local restaurant payment,food
paid for concert ticket,entertainment
monthly stationery,education
spotify premium - 49 GHS,entertainment
dstv subscription,entertainment
shoprite food - 399 GHS,food
local restaurant - 182 GHS,food
uber accra payment,transport
paid for palace shopping,shopping
clothing payment,shopping
paid for shoprite,shopping
monthly insurance premium,bills
vacation expenses - 237 GHS,travel
vip transport payment,transport
game stores,shopping
melcom,shopping
ucc payment payment,education
monthly airteltigo data,bills
banku - 287 GHS,food
gotv payment payment,entertainment
monthly uber accra,transport
textbook purchase payment,education
makola market,shopping
west hills mall,shopping
spotify premium,entertainment
kaneshie market payment,shopping
gwcl water - 24 GHS,bills
school fees payment,education
monthly spotify premium,entertainment
paid for gotv payment,entertainment
paid for transport fare,travel
shoprite - 354 GHS,shopping
uber accra payment,transport
mtn mobile money - 487 GHS,bills
monthly knust tuition,education
medical checkup,healthcare
netflix - 415 GHS,entertainment
movie night payment,entertainment
ridge hospital,healthcare
monthly clinic visit,healthcare
monthly ucc payment,education
library fine - 369 GHS,education
chop bar,food
ucc payment,education
monthly mtn mobile money,bills
ucc payment,education
insurance premium,bills
kfc accra - 491 GHS,food
shell petrol,transport
monthly medical checkup,healthcare
monthly ucc payment,education
insurance premium,bills
monthly goil fuel,transport
monthly makola market,shopping
ridge hospital - 163 GHS,healthcare
clothing - 466 GHS,shopping
monthly knust tuition,education
melcom - 200 GHS,shopping
paid for transport fare,travel
gwcl water - 466 GHS,bills
makola market - 142 GHS,shopping
knust tuition payment,education
mtn mobile money,bills
monthly ecg bill,bills
mtn mobile money,bills
paid for stationery,education
flight to kumasi - 325 GHS,travel
stationery payment,education
paid for west hills mall,shopping
palace shopping - 435 GHS,shopping
school fees - 144 GHS,education
concert ticket payment,entertainment
vacation expenses payment,travel
legon fees - 165 GHS,education
paid for melcom,shopping
paid for gotv payment,entertainment
kaneshie market,shopping
korle bu hospital payment,healthcare
clothing,shopping
taxi fare,transport
mtn mobile money payment,bills
ucc payment payment,education
monthly insurance premium,bills
vodafone airtime,bills
kotoka airport payment,travel
paid for ridge hospital,healthcare
gotv payment payment,entertainment
monthly total fuel,transport
paid for banku,food
monthly local restaurant,food
monthly fufu,food
insurance premium payment,bills
monthly kotoka airport,travel
monthly ucc payment,education
textbook purchase payment,education
bolt ride payment,transport
vodafone airtime - 70 GHS,bills
local restaurant - 484 GHS,food
paid for banku,food
kfc accra - 397 GHS,food
monthly trotro fare,transport
total fuel,transport
monthly shell petrol,transport
dstv subscription - 152 GHS,entertainment
taxi fare payment,transport
paid for shoprite,shopping
dstv subscription payment,entertainment
monthly netflix,entertainment
transport fare,travel
hotel booking payment,travel
monthly textbook purchase,education
paid for uber accra,transport
paid for textbook purchase,education
shell petrol payment,transport
monthly gotv payment,entertainment
monthly palace shopping,shopping
papaye payment,food
monthly hotel booking,travel
monthly flight to kumasi,travel
paid for kaneshie market,shopping
paid for library fine,education
concert ticket payment,entertainment
concert ticket - 329 GHS,entertainment
papaye payment,food
chop bar,food
paid for vip transport,transport
melcom snacks,food
monthly ecg bill,bills
paid for uber accra,transport
clinic visit - 72 GHS,healthcare
school fees,education
pharmacy - 413 GHS,healthcare
total fuel,transport
ridge hospital,healthcare
paid for local restaurant,food
paid for airteltigo data,bills
hotel booking payment,travel
legon fees,education
paid for library fine,education
clinic visit,healthcare
fufu - 489 GHS,food
paid for goil fuel,transport
gwcl water,bills
tamale travel,travel
hotel booking - 435 GHS,travel
monthly silverbird cinema,entertainment
kaneshie market - 483 GHS,shopping
paid for school fees,education
school fees payment,education
monthly vodafone airtime,bills
monthly chop bar,food
silverbird cinema payment,entertainment
paid for melcom snacks,food
paid for waakye,food
concert ticket payment,entertainment
clinic visit,healthcare
monthly textbook purchase,education
paid for local restaurant,food
paid for shs bus,transport
monthly korle bu hospital,healthcare
stationery payment,education
fufu,food
knust tuition payment,education
flight to kumasi payment,travel
local restaurant payment,food
korle bu hospital - 300 GHS,healthcare
paid for game stores,shopping
monthly stationery,education
paid for gotv payment,entertainment
paid for makola market,shopping
monthly tamale travel,travel
mtn mobile money payment,bills
monthly cape coast trip,travel
monthly waakye,food
dstv subscription - 351 GHS,entertainment
gotv payment,entertainment
gotv payment - 358 GHS,entertainment
monthly kaneshie market,shopping
shs bus payment,transport
melcom,shopping
west hills mall,shopping
concert ticket - 435 GHS,entertainment
melcom snacks,food
west hills mall - 231 GHS,shopping
airteltigo data - 365 GHS,bills
vacation expenses,travel
cape coast trip - 163 GHS,travel
cape coast trip,travel
shell petrol payment,transport
paid for netflix,entertainment
uber accra,transport
monthly tamale travel,travel
paid for gwcl water,bills
mtn mobile money - 264 GHS,bills
goil fuel - 313 GHS,transport
paid for nhis payment,healthcare
stationery payment,education
knust tuition payment,education
tamale travel payment,travel
kaneshie market,shopping
mtn mobile money,bills
hotel booking payment,travel
spotify premium,entertainment
gotv payment,entertainment
paid for shoprite,shopping
monthly school fees,education
metro mass payment,transport
textbook purchase,education
paid for vodafone airtime,bills
gwcl water,bills
monthly movie night,entertainment
tamale travel,travel
monthly uber accra,transport
legon fees,education
paid for vacation expenses,travel
clinic visit,healthcare
paid for ridge hospital,healthcare
silverbird cinema payment,entertainment
goil fuel payment,transport
gwcl water,bills
shell petrol payment,transport
cape coast trip - 332 GHS,travel
pharmacy payment,healthcare
paid for vodafone airtime,bills
goil fuel,transport
monthly clinic visit,healthcare
monthly metro mass,transport
monthly nhis payment,healthcare
paid for cape coast trip,travel
monthly shs bus,transport
concert ticket payment,entertainment
game stores - 469 GHS,shopping
goil fuel payment,transport
netflix,entertainment
kaneshie market payment,shopping
fufu,food
melcom - 56 GHS,shopping
paid for stationery,education
monthly melcom snacks,food
palace shopping - 193 GHS,shopping
shell petrol,transport
west hills mall payment,shopping
monthly ucc payment,education
total fuel - 263 GHS,transport
mtn mobile money payment,bills
legon fees - 267 GHS,education
jollof - 336 GHS,food
ridge hospital,healthcare
paid for dstv subscription,entertainment
monthly rent payment,bills
vacation expenses,travel
vodafone airtime - 250 GHS,bills
vacation expenses payment,travel
korle bu hospital - 192 GHS,healthcare
monthly ridge hospital,healthcare
monthly uber accra,transport
tamale travel - 353 GHS,travel
monthly uber accra,transport
pharmacy - 333 GHS,healthcare
legon fees payment,education
paid for makola market,shopping
textbook purchase,education
paid for insurance premium,bills
paid for shs bus,transport
kotoka airport - 180 GHS,travel
ridge hospital payment,healthcare
jollof payment,food
shoprite food payment,food
shoprite food - 180 GHS,food
paid for spotify premium,entertainment
west hills mall,shopping
tamale travel,travel
ridge hospital - 470 GHS,healthcare
kotoka airport,travel
monthly game stores,shopping
movie night - 407 GHS,entertainment
flight to kumasi,travel
shoprite food payment,food
waakye payment,food
monthly vip transport,transport
medical checkup payment,healthcare
airteltigo data - 403 GHS,bills
gotv payment - 430 GHS,entertainment
vodafone airtime payment,bills
monthly rent payment,bills
cape coast trip payment,travel
paid for gwcl water,bills
kfc accra - 336 GHS,food
taxi fare,transport
kotoka airport payment,travel
korle bu hospital payment,healthcare
palace shopping - 126 GHS,shopping
shoprite food,food
goil fuel - 244 GHS,transport
bolt ride payment,transport
insurance premium payment,bills
waakye,food
paid for shoprite,shopping
vacation expenses payment,travel
makola market,shopping
west hills mall - 24 GHS,shopping
monthly ucc payment,education
monthly goil fuel,transport
monthly rent payment,bills
monthly uber accra,transport
gwcl water,bills
accra mall - 19 GHS,shopping
ecg bill - 366 GHS,bills
paid for ucc payment,education
vodafone airtime - 156 GHS,bills
monthly gwcl water,bills
monthly korle bu hospital,healthcare
game stores,shopping
papaye,food
spotify premium payment,entertainment
vodafone airtime - 455 GHS,bills
korle bu hospital - 54 GHS,healthcare
total fuel,transport
movie night - 111 GHS,entertainment
paid for legon fees,education
dstv subscription payment,entertainment
local restaurant - 425 GHS,food
clothing payment,shopping
transport fare payment,travel
knust tuition payment,education
paid for kaneshie market,shopping
textbook purchase - 422 GHS,education
medical checkup - 289 GHS,healthcare
paid for nhis payment,healthcare
kotoka airport payment,travel
library fine payment,education
textbook purchase,education
monthly kotoka airport,travel
paid for knust tuition,education
ridge hospital - 291 GHS,healthcare
shoprite payment,shopping
rent payment,bills
monthly legon fees,education
ecg bill payment,bills
metro mass,transport
paid for total fuel,transport
stationery payment,education
monthly shell petrol,transport
library fine - 32 GHS,education
papaye payment,food
legon fees,education
monthly clinic visit,healthcare
local restaurant payment,food
ridge hospital,healthcare
paid for flight to kumasi,travel
paid for shoprite food,food
pharmacy - 489 GHS,healthcare
spotify premium,entertainment
monthly pharmacy,healthcare
shoprite food payment,food
monthly netflix,entertainment
gotv payment payment,entertainment
school fees payment,education
monthly kotoka airport,travel
ecg bill,bills
paid for taxi fare,transport
korle bu hospital,healthcare
paid for clinic visit,healthcare
nhis payment,healthcare
hotel booking,travel
paid for kotoka airport,travel
kenkey - 275 GHS,food
gotv payment payment,entertainment
monthly kotoka airport,travel
melcom,shopping
monthly doctor consultation,healthcare
paid for concert ticket,entertainment
monthly vip transport,transport
netflix - 12 GHS,entertainment
nhis payment - 34 GHS,healthcare
makola market,shopping
paid for ecg bill,bills
textbook purchase,education
shell petrol payment,transport
paid for spotify premium,entertainment
monthly tamale travel,travel
vacation expenses payment,travel
concert ticket,entertainment
paid for taxi fare,transport
paid for trotro fare,transport
paid for airteltigo data,bills
textbook purchase payment,education
bolt ride - 211 GHS,transport
ucc payment,education
monthly hotel booking,travel
jollof,food
paid for ecg bill,bills
gwcl water,bills
clinic visit,healthcare
paid for game stores,shopping
monthly flight to kumasi,travel
knust tuition - 328 GHS,education
uber accra - 440 GHS,transport
cape coast trip,travel
monthly concert ticket,entertainment
kaneshie market,shopping
paid for medical checkup,healthcare
ecg bill,bills
paid for vodafone airtime,bills
paid for shell petrol,transport
tamale travel payment,travel
vacation expenses payment,travel
paid for knust tuition,education
local restaurant payment,food
paid for gwcl water,bills
melcom,shopping
west hills mall - 306 GHS,shopping
monthly metro mass,transport
paid for pharmacy,healthcare
paid for clinic visit,healthcare
stationery payment,education
monthly mtn mobile money,bills
paid for mtn mobile money,bills
knust tuition payment,education
paid for airteltigo data,bills
monthly palace shopping,shopping
monthly concert ticket,entertainment
paid for waakye,food
knust tuition - 144 GHS,education
monthly stationery,education
monthly trotro fare,transport
paid for flight to kumasi,travel
paid for medical checkup,healthcare
paid for textbook purchase,education
airteltigo data - 15 GHS,bills
flight to kumasi payment,travel
paid for metro mass,transport
monthly ridge hospital,healthcare
mtn mobile money - 361 GHS,bills
accra mall - 293 GHS,shopping
paid for silverbird cinema,entertainment
monthly melcom snacks,food
spotify premium,entertainment
movie night - 453 GHS,entertainment
palace shopping payment,shopping
monthly insurance premium,bills
monthly kotoka airport,travel
monthly medical checkup,healthcare
monthly palace shopping,shopping
clinic visit payment,healthcare
vodafone airtime - 59 GHS,bills
nhis payment - 23 GHS,healthcare
vip transport,transport
paid for school fees,education
goil fuel,transport
knust tuition - 137 GHS,education
paid for dstv subscription,entertainment
monthly stationery,education
textbook purchase payment,education
school fees,education
chop bar,food
flight to kumasi,travel
game stores - 346 GHS,shopping
bolt ride payment,transport
melcom - 497 GHS,shopping
monthly flight to kumasi,travel
monthly cape coast trip,travel
korle bu hospital - 282 GHS,healthcare
paid for kfc accra,food
silverbird cinema payment,entertainment
monthly ecg bill,bills
gwcl water,bills
banku payment,food
paid for gotv payment,entertainment
kotoka airport payment,travel
monthly local restaurant,food
monthly gotv payment,entertainment
stationery - 269 GHS,education
paid for accra mall,shopping
paid for ecg bill,bills
textbook purchase,education
gwcl water,bills
monthly palace shopping,shopping
local restaurant - 403 GHS,food
flight to kumasi payment,travel
insurance premium payment,bills
paid for vip transport,transport
doctor consultation - 191 GHS,healthcare
melcom - 386 GHS,shopping
shoprite - 263 GHS,shopping
paid for hotel booking,travel
paid for clinic visit,healthcare
shoprite payment,shopping
shoprite,shopping
silverbird cinema payment,entertainment
taxi fare - 94 GHS,transport
library fine - 168 GHS,education
monthly vodafone airtime,bills
monthly kenkey,food
paid for korle bu hospital,healthcare
textbook purchase,education
melcom snacks payment,food
netflix - 278 GHS,entertainment
paid for kotoka airport,travel
school fees - 240 GHS,education
monthly netflix,entertainment
melcom,shopping
taxi fare payment,transport
paid for shoprite,shopping
monthly ucc payment,education
monthly fufu,food
paid for rent payment,bills
paid for gotv payment,entertainment
legon fees payment,education
papaye payment,food
makola market - 326 GHS,shopping
kotoka airport payment,travel
vodafone airtime payment,bills
monthly flight to kumasi,travel
monthly west hills mall,shopping
monthly movie night,entertainment
monthly ucc payment,education
ucc payment payment,education
legon fees payment,education
paid for medical checkup,healthcare
gotv payment - 210 GHS,entertainment
paid for concert ticket,entertainment
legon fees - 379 GHS,education
bolt ride - 185 GHS,transport
paid for knust tuition,education
concert ticket - 401 GHS,entertainment
ecg bill,bills
monthly korle bu hospital,healthcare
waakye - 56 GHS,food
ridge hospital payment,healthcare
legon fees,education
paid for ecg bill,bills
taxi fare,transport
paid for mtn mobile money,bills
medical checkup - 449 GHS,healthcare
clinic visit - 159 GHS,healthcare
monthly accra mall,shopping
monthly library fine,education
monthly clinic visit,healthcare
paid for legon fees,education
movie night,entertainment
legon fees,education
silverbird cinema - 210 GHS,entertainment
clothing - 437 GHS,shopping
movie night,entertainment
monthly vacation expenses,travel
paid for kotoka airport,travel
melcom snacks,food
total fuel,transport
melcom snacks payment,food
paid for netflix,entertainment
monthly vacation expenses,travel
monthly knust tuition,education
paid for makola market,shopping
pharmacy,healthcare
pharmacy - 252 GHS,healthcare
monthly vip transport,transport
korle bu hospital payment,healthcare
nhis payment - 32 GHS,healthcare
game stores,shopping
monthly ucc payment,education
netflix - 187 GHS,entertainment
bolt ride payment,transport
monthly melcom snacks,food
korle bu hospital,healthcare
clothing - 44 GHS,shopping
ridge hospital - 455 GHS,healthcare
trotro fare payment,transport
kfc accra,food
paid for shoprite food,food
monthly library fine,education
gotv payment,entertainment
goil fuel - 377 GHS,transport
nhis payment - 429 GHS,healthcare
paid for silverbird cinema,entertainment
flight to kumasi - 85 GHS,travel
paid for tamale travel,travel
spotify premium payment,entertainment
dstv subscription payment,entertainment
monthly shoprite food,food
paid for trotro fare,transport
west hills mall payment,shopping
uber accra,transport
chop bar,food
fufu payment,food
flight to kumasi payment,travel
pharmacy payment,healthcare
monthly shell petrol,transport
kotoka airport - 374 GHS,travel
trotro fare - 236 GHS,transport
taxi fare,transport
metro mass,transport
paid for transport fare,travel
doctor consultation,healthcare
melcom snacks payment,food
paid for insurance premium,bills
kenkey - 217 GHS,food
metro mass - 217 GHS,transport
ecg bill payment,bills
monthly airteltigo data,bills
west hills mall - 47 GHS,shopping
banku payment,food
monthly local restaurant,food
textbook purchase - 41 GHS,education
jollof - 372 GHS,food
monthly shoprite,shopping
paid for shoprite food,food
ridge hospital payment,healthcare
spotify premium,entertainment
paid for nhis payment,healthcare
vacation expenses - 293 GHS,travel
paid for clinic visit,healthcare
medical checkup payment,healthcare
monthly kotoka airport,travel
shoprite - 205 GHS,shopping
transport fare,travel
gwcl water payment,bills
melcom snacks payment,food
monthly gotv payment,entertainment
paid for movie night,entertainment
ridge hospital,healthcare
chop bar - 348 GHS,food
spotify premium - 204 GHS,entertainment
concert ticket,entertainment
gotv payment - 33 GHS,entertainment
chop bar - 324 GHS,food
monthly mtn mobile money,bills
melcom,shopping
monthly stationery,education
paid for tamale travel,travel
ucc payment - 206 GHS,education
paid for tamale travel,travel
dstv subscription,entertainment
rent payment payment,bills
monthly legon fees,education
paid for shoprite,shopping
paid for melcom snacks,food
vacation expenses,travel
waakye - 54 GHS,food
monthly pharmacy,healthcare
vodafone airtime payment,bills
monthly legon fees,education
monthly silverbird cinema,entertainment
paid for cape coast trip,travel
monthly rent payment,bills
paid for kfc accra,food
local restaurant,food
paid for ridge hospital,healthcare
clinic visit payment,healthcare
vodafone airtime payment,bills
paid for ridge hospital,healthcare
paid for spotify premium,entertainment
ucc payment payment,education
ecg bill,bills
paid for ecg bill,bills
ucc payment payment,education
monthly banku,food
paid for stationery,education
paid for kaneshie market,shopping
bolt ride,transport
monthly total fuel,transport
school fees payment,education
paid for palace shopping,shopping
monthly doctor consultation,healthcare
monthly clinic visit,healthcare
transport fare payment,travel
paid for transport fare,travel
paid for local restaurant,food
paid for clothing,shopping
paid for netflix,entertainment
paid for shell petrol,transport
monthly cape coast trip,travel
monthly dstv subscription,entertainment
monthly taxi fare,transport
ucc payment payment,education
monthly metro mass,transport
goil fuel payment,transport
local restaurant,food
gwcl water - 148 GHS,bills
paid for kotoka airport,travel
paid for shs bus,transport
monthly melcom,shopping
fufu - 479 GHS,food
school fees - 362 GHS,education
clinic visit - 192 GHS,healthcare
nhis payment,healthcare
korle bu hospital payment,healthcare
monthly kotoka airport,travel
library fine - 339 GHS,education
trotro fare payment,transport
makola market,shopping
monthly metro mass,transport
monthly goil fuel,transport
melcom,shopping
netflix - 469 GHS,entertainment
monthly local restaurant,food
game stores,shopping
goil fuel payment,transport
jollof - 447 GHS,food
ucc payment payment,education
kaneshie market - 154 GHS,shopping
transport fare payment,travel
clinic visit - 106 GHS,healthcare
paid for movie night,entertainment
concert ticket payment,entertainment
paid for rent payment,bills
papaye payment,food
vip transport - 422 GHS,transport
stationery - 278 GHS,education
vodafone airtime - 302 GHS,bills
gwcl water,bills
monthly transport fare,travel
library fine - 239 GHS,education
goil fuel - 356 GHS,transport
kotoka airport,travel
school fees payment,education
doctor consultation,healthcare
paid for local restaurant,food
transport fare payment,travel
monthly accra mall,shopping
paid for uber accra,transport
monthly ecg bill,bills
paid for medical checkup,healthcare
trotro fare - 81 GHS,transport
kenkey - 481 GHS,food
rent payment - 142 GHS,bills
waakye,food
dstv subscription - 100 GHS,entertainment
transport fare payment,travel
makola market,shopping
gwcl water,bills
monthly west hills mall,shopping
monthly game stores,shopping
melcom snacks payment,food
paid for concert ticket,entertainment
dstv subscription - 495 GHS,entertainment
banku payment,food
monthly west hills mall,shopping
bolt ride payment,transport
shs bus payment,transport
monthly pharmacy,healthcare
monthly textbook purchase,education
monthly kaneshie market,shopping
paid for tamale travel,travel
paid for movie night,entertainment
papaye,food
waakye,food
nhis payment,healthcare
paid for transport fare,travel
paid for total fuel,transport
textbook purchase,education
hotel booking,travel
waakye - 117 GHS,food
jollof payment,food
fufu - 391 GHS,food
paid for cape coast trip,travel
ucc payment - 398 GHS,education
paid for ecg bill,bills
jollof,food
ucc payment payment,education
banku,food
paid for ecg bill,bills
palace shopping - 365 GHS,shopping
monthly transport fare,travel
hotel booking,travel
paid for ecg bill,bills
doctor consultation,healthcare
paid for pharmacy,healthcare
monthly bolt ride,transport
airteltigo data payment,bills
vodafone airtime,bills
doctor consultation - 426 GHS,healthcare
rent payment,bills
korle bu hospital - 102 GHS,healthcare
medical checkup,healthcare
game stores - 41 GHS,shopping
vip transport - 192 GHS,transport
paid for jollof,food
paid for fufu,food
paid for silverbird cinema,entertainment
monthly west hills mall,shopping
shoprite food,food
shell petrol,transport
insurance premium,bills
goil fuel,transport
paid for airteltigo data,bills
paid for trotro fare,transport
korle bu hospital payment,healthcare
paid for accra mall,shopping
ridge hospital payment,healthcare
ecg bill payment,bills
paid for textbook purchase,education
paid for netflix,entertainment
monthly netflix,entertainment
paid for pharmacy,healthcare
paid for kotoka airport,travel
paid for ecg bill,bills
nhis payment,healthcare
paid for vip transport,transport
vodafone airtime payment,bills
monthly hotel booking,travel
monthly ecg bill,bills
vacation expenses payment,travel
insurance premium - 115 GHS,bills
monthly shell petrol,transport
monthly insurance premium,bills
melcom payment,shopping
insurance premium,bills
monthly flight to kumasi,travel
monthly school fees,education
shoprite - 317 GHS,shopping
airteltigo data - 492 GHS,bills
west hills mall - 405 GHS,shopping
monthly school fees,education
nhis payment - 403 GHS,healthcare
bolt ride - 156 GHS,transport
monthly gwcl water,bills
monthly pharmacy,healthcare
paid for ridge hospital,healthcare
paid for goil fuel,transport
ucc payment,education
clinic visit,healthcare
netflix - 423 GHS,entertainment
papaye payment,food
kfc accra,food
monthly clothing,shopping
paid for medical checkup,healthcare
banku - 61 GHS,food
monthly vip transport,transport
monthly insurance premium,bills
monthly clinic visit,healthcare
monthly metro mass,transport
jollof payment,food
paid for flight to kumasi,travel
movie night - 486 GHS,entertainment
banku,food
pharmacy payment,healthcare
total fuel payment,transport
paid for gotv payment,entertainment
paid for spotify premium,entertainment
concert ticket - 353 GHS,entertainment
korle bu hospital - 446 GHS,healthcare
kotoka airport - 425 GHS,travel
trotro fare,transport
shoprite food,food
kotoka airport,travel
kotoka airport payment,travel
monthly kotoka airport,travel
rent payment - 36 GHS,bills
shs bus - 289 GHS,transport
doctor consultation payment,healthcare
kaneshie market,shopping
flight to kumasi payment,travel
stationery,education
total fuel payment,transport
netflix payment,entertainment
paid for vodafone airtime,bills
pharmacy payment,healthcare
fufu,food
goil fuel,transport
textbook purchase - 39 GHS,education
silverbird cinema payment,entertainment
fufu payment,food
kenkey,food
medical checkup,healthcare
ecg bill - 265 GHS,bills
paid for dstv subscription,entertainment
ridge hospital,healthcare
monthly legon fees,education
accra mall payment,shopping
monthly goil fuel,transport
monthly game stores,shopping
knust tuition payment,education
ecg bill - 230 GHS,bills
monthly korle bu hospital,healthcare
rent payment,bills
paid for cape coast trip,travel
paid for library fine,education
transport fare - 41 GHS,travel
accra mall,shopping
taxi fare,transport
knust tuition payment,education
monthly clothing,shopping
netflix payment,entertainment
paid for waakye,food
jollof payment,food
kfc accra - 407 GHS,food
shoprite food,food
cape coast trip - 421 GHS,travel
fufu payment,food
insurance premium,bills
jollof,food
monthly kenkey,food
chop bar payment,food
west hills mall,shopping
stationery payment,education
waakye,food
mtn mobile money payment,bills
papaye,food
silverbird cinema - 392 GHS,entertainment
paid for accra mall,shopping
shell petrol - 458 GHS,transport
transport fare - 126 GHS,travel
paid for palace shopping,shopping
library fine - 41 GHS,education
monthly shoprite food,food
monthly kfc accra,food
spotify premium payment,entertainment
spotify premium - 154 GHS,entertainment
paid for kfc accra,food
paid for kaneshie market,shopping
monthly shs bus,transport
concert ticket - 102 GHS,entertainment
vodafone airtime - 69 GHS,bills
west hills mall - 209 GHS,shopping
dstv subscription - 331 GHS,entertainment
pharmacy,healthcare
paid for stationery,education
monthly kenkey,food
monthly trotro fare,transport
kotoka airport,travel
movie night - 39 GHS,entertainment
paid for library fine,education
west hills mall - 277 GHS,shopping
monthly total fuel,transport
game stores,shopping
monthly insurance premium,bills
paid for kfc accra,food
kfc accra payment,food
monthly cape coast trip,travel
kenkey,food
paid for library fine,education
paid for hotel booking,travel
paid for rent payment,bills
paid for cape coast trip,travel
paid for mtn mobile money,bills
monthly korle bu hospital,healthcare
paid for shoprite,shopping
shell petrol payment,transport
monthly kotoka airport,travel
paid for vacation expenses,travel
shell petrol,transport
flight to kumasi - 350 GHS,travel
papaye - 258 GHS,food
ecg bill payment,bills
paid for shell petrol,transport
accra mall payment,shopping
monthly taxi fare,transport
monthly doctor consultation,healthcare
korle bu hospital,healthcare
kfc accra,food
